[{"model": "admin.logentry", "pk": 1, "fields": {"action_time": "2024-11-20T05:35:17.510Z", "user": 1, "content_type": 7, "object_id": "1", "object_repr": "Renter object (1)", "action_flag": 1, "change_message": "[{\"added\": {}}]"}}, {"model": "admin.logentry", "pk": 2, "fields": {"action_time": "2024-11-20T05:36:47.132Z", "user": 1, "content_type": 9, "object_id": "1", "object_repr": "RenterRange object (1)", "action_flag": 1, "change_message": "[{\"added\": {}}]"}}, {"model": "admin.logentry", "pk": 3, "fields": {"action_time": "2024-11-20T05:39:50.908Z", "user": 1, "content_type": 9, "object_id": "1", "object_repr": "Mars from 2024-11-20 ending 2024-11-20", "action_flag": 2, "change_message": "[{\"changed\": {\"fields\": [\"End date\"]}}]"}}, {"model": "admin.logentry", "pk": 4, "fields": {"action_time": "2024-11-20T05:41:09.542Z", "user": 1, "content_type": 9, "object_id": "1", "object_repr": "Mars starting 2024-11-20", "action_flag": 2, "change_message": "[{\"changed\": {\"fields\": [\"End date\"]}}]"}}, {"model": "admin.logentry", "pk": 5, "fields": {"action_time": "2024-11-20T05:41:33.357Z", "user": 1, "content_type": 8, "object_id": "1", "object_repr": "Bike object (1)", "action_flag": 1, "change_message": "[{\"added\": {}}]"}}, {"model": "admin.logentry", "pk": 6, "fields": {"action_time": "2024-11-20T05:44:30.991Z", "user": 1, "content_type": 10, "object_id": "1", "object_repr": "Derbi from 2024-11-20 to 2024-11-20", "action_flag": 1, "change_message": "[{\"added\": {}}]"}}, {"model": "admin.logentry", "pk": 7, "fields": {"action_time": "2024-11-20T05:45:54.340Z", "user": 1, "content_type": 9, "object_id": "1", "object_repr": "Mars starting 2024-01-01", "action_flag": 2, "change_message": "[{\"changed\": {\"fields\": [\"Start date\"]}}]"}}, {"model": "admin.logentry", "pk": 8, "fields": {"action_time": "2024-11-20T05:46:42.357Z", "user": 1, "content_type": 9, "object_id": "1", "object_repr": "Mars from 2024-01-01 to 2024-04-01", "action_flag": 2, "change_message": "[{\"changed\": {\"fields\": [\"End date\"]}}]"}}, {"model": "admin.logentry", "pk": 9, "fields": {"action_time": "2024-11-20T06:18:44.913Z", "user": 1, "content_type": 9, "object_id": "1", "object_repr": "Mars from 2024-01-15 to 2024-04-15", "action_flag": 2, "change_message": "[{\"changed\": {\"fields\": [\"Start date\", \"End date\"]}}]"}}, {"model": "admin.logentry", "pk": 10, "fields": {"action_time": "2024-11-20T06:38:25.751Z", "user": 1, "content_type": 9, "object_id": "2", "object_repr": "Mars from 2023-03-20 to 2023-08-24", "action_flag": 1, "change_message": "[{\"added\": {}}]"}}, {"model": "admin.logentry", "pk": 11, "fields": {"action_time": "2024-11-20T06:38:59.056Z", "user": 1, "content_type": 9, "object_id": "1", "object_repr": "Mars from 2024-01-15 to 2024-02-15", "action_flag": 2, "change_message": "[{\"changed\": {\"fields\": [\"End date\"]}}]"}}, {"model": "admin.logentry", "pk": 12, "fields": {"action_time": "2024-11-20T06:39:26.503Z", "user": 1, "content_type": 9, "object_id": "3", "object_repr": "Mars from 2024-05-05 to 2024-07-23", "action_flag": 1, "change_message": "[{\"added\": {}}]"}}, {"model": "admin.logentry", "pk": 13, "fields": {"action_time": "2024-11-20T08:36:36.842Z", "user": 1, "content_type": 9, "object_id": "3", "object_repr": "Mars from 2024-05-05 to 2024-07-23", "action_flag": 2, "change_message": "[{\"changed\": {\"fields\": [\"Access\"]}}]"}}, {"model": "admin.logentry", "pk": 14, "fields": {"action_time": "2024-11-20T08:39:47.669Z", "user": 1, "content_type": 9, "object_id": "2", "object_repr": "Mars from 2023-03-20 to 2023-08-24", "action_flag": 2, "change_message": "[{\"changed\": {\"fields\": [\"Access\"]}}]"}}, {"model": "admin.logentry", "pk": 15, "fields": {"action_time": "2024-11-20T08:39:52.933Z", "user": 1, "content_type": 9, "object_id": "1", "object_repr": "Mars from 2024-01-15 to 2024-02-15", "action_flag": 2, "change_message": "[{\"changed\": {\"fields\": [\"Access\"]}}]"}}, {"model": "admin.logentry", "pk": 16, "fields": {"action_time": "2024-11-20T08:40:02.612Z", "user": 1, "content_type": 9, "object_id": "2", "object_repr": "Mars from 2023-03-20 to 2023-08-24", "action_flag": 2, "change_message": "[{\"changed\": {\"fields\": [\"Access\"]}}]"}}, {"model": "admin.logentry", "pk": 17, "fields": {"action_time": "2024-11-20T08:47:39.595Z", "user": 1, "content_type": 10, "object_id": "1", "object_repr": "Derbi from 2024-11-20 to 2024-11-20", "action_flag": 3, "change_message": ""}}, {"model": "admin.logentry", "pk": 18, "fields": {"action_time": "2024-11-20T08:47:47.515Z", "user": 1, "content_type": 9, "object_id": "3", "object_repr": "Mars from 2024-05-05 to 2024-07-23", "action_flag": 3, "change_message": ""}}, {"model": "admin.logentry", "pk": 19, "fields": {"action_time": "2024-11-20T08:47:47.516Z", "user": 1, "content_type": 9, "object_id": "2", "object_repr": "Mars from 2023-03-20 to 2023-08-24", "action_flag": 3, "change_message": ""}}, {"model": "admin.logentry", "pk": 20, "fields": {"action_time": "2024-11-20T08:47:47.516Z", "user": 1, "content_type": 9, "object_id": "1", "object_repr": "Mars from 2024-01-15 to 2024-02-15", "action_flag": 3, "change_message": ""}}, {"model": "admin.logentry", "pk": 21, "fields": {"action_time": "2024-11-20T08:48:13.549Z", "user": 1, "content_type": 9, "object_id": "4", "object_repr": "Mars from 2024-01-01 to 2024-11-20", "action_flag": 1, "change_message": "[{\"added\": {}}]"}}, {"model": "admin.logentry", "pk": 22, "fields": {"action_time": "2024-11-20T08:48:39.107Z", "user": 1, "content_type": 10, "object_id": "2", "object_repr": "Derbi from 2024-03-01 to 2024-06-01", "action_flag": 1, "change_message": "[{\"added\": {}}]"}}, {"model": "admin.logentry", "pk": 23, "fields": {"action_time": "2024-12-09T02:34:07.086Z", "user": 1, "content_type": 7, "object_id": "2", "object_repr": "Foo", "action_flag": 1, "change_message": "[{\"added\": {}}]"}}, {"model": "admin.logentry", "pk": 24, "fields": {"action_time": "2024-12-09T02:34:31.838Z", "user": 1, "content_type": 9, "object_id": "5", "object_repr": "Foo from 2021-12-03 to 2024-12-31", "action_flag": 1, "change_message": "[{\"added\": {}}]"}}, {"model": "admin.logentry", "pk": 25, "fields": {"action_time": "2024-12-22T19:13:04.586Z", "user": 1, "content_type": 10, "object_id": "2", "object_repr": "Mars's Derbi from 2024-03-01 to 2024-06-01", "action_flag": 3, "change_message": ""}}, {"model": "admin.logentry", "pk": 26, "fields": {"action_time": "2024-12-22T19:14:36.716Z", "user": 1, "content_type": 9, "object_id": "5", "object_repr": "Foo from 2021-12-03 to 2024-12-25", "action_flag": 2, "change_message": "[{\"changed\": {\"fields\": [\"End date\"]}}]"}}, {"model": "admin.logentry", "pk": 27, "fields": {"action_time": "2024-12-22T19:14:54.764Z", "user": 1, "content_type": 9, "object_id": "4", "object_repr": "Mars from 2024-01-01 to 2024-02-20", "action_flag": 2, "change_message": "[{\"changed\": {\"fields\": [\"End date\"]}}]"}}, {"model": "admin.logentry", "pk": 28, "fields": {"action_time": "2024-12-22T19:28:50.240Z", "user": 1, "content_type": 9, "object_id": "5", "object_repr": "Foo from 2021-12-01 to 2024-12-01", "action_flag": 3, "change_message": ""}}, {"model": "admin.logentry", "pk": 29, "fields": {"action_time": "2024-12-22T19:59:36.050Z", "user": 1, "content_type": 9, "object_id": "4", "object_repr": "Mars from 2024-01-01 to 2024-01-31", "action_flag": 2, "change_message": "[{\"changed\": {\"fields\": [\"End date\"]}}]"}}, {"model": "admin.logentry", "pk": 30, "fields": {"action_time": "2024-12-22T20:50:13.061Z", "user": 1, "content_type": 9, "object_id": "4", "object_repr": "Mars from 2024-01-01 to 2024-03-31", "action_flag": 2, "change_message": "[{\"changed\": {\"fields\": [\"Start date\"]}}]"}}, {"model": "admin.logentry", "pk": 31, "fields": {"action_time": "2024-12-22T20:50:46.763Z", "user": 1, "content_type": 9, "object_id": "4", "object_repr": "Mars from 2023-01-01 to 2024-03-31", "action_flag": 2, "change_message": "[{\"changed\": {\"fields\": [\"Start date\"]}}]"}}, {"model": "admin.logentry", "pk": 32, "fields": {"action_time": "2024-12-22T21:09:05.937Z", "user": 1, "content_type": 9, "object_id": "4", "object_repr": "Mars from 2023-06-01 to 2024-03-31", "action_flag": 2, "change_message": "[{\"changed\": {\"fields\": [\"Start date\", \"End date\"]}}]"}}, {"model": "admin.logentry", "pk": 33, "fields": {"action_time": "2024-12-22T21:09:21.867Z", "user": 1, "content_type": 9, "object_id": "4", "object_repr": "Mars from 2024-03-01 to 2024-02-29", "action_flag": 2, "change_message": "[]"}}, {"model": "admin.logentry", "pk": 34, "fields": {"action_time": "2024-12-22T21:11:09.867Z", "user": 1, "content_type": 9, "object_id": "4", "object_repr": "Mars from 2024-03-01 to 2024-02-29", "action_flag": 2, "change_message": "[]"}}, {"model": "admin.logentry", "pk": 35, "fields": {"action_time": "2024-12-22T21:13:11.507Z", "user": 1, "content_type": 9, "object_id": "4", "object_repr": "Mars starting 2024-03-01", "action_flag": 2, "change_message": "[{\"changed\": {\"fields\": [\"End date\"]}}]"}}, {"model": "admin.logentry", "pk": 36, "fields": {"action_time": "2024-12-22T21:25:52.659Z", "user": 1, "content_type": 9, "object_id": "4", "object_repr": "Mars from 2024-03-01 to 2024-12-31", "action_flag": 2, "change_message": "[{\"changed\": {\"fields\": [\"End date\"]}}]"}}, {"model": "admin.logentry", "pk": 37, "fields": {"action_time": "2024-12-22T21:25:59.851Z", "user": 1, "content_type": 9, "object_id": "4", "object_repr": "Mars from 2024-03-01 to 2024-12-31", "action_flag": 2, "change_message": "[{\"changed\": {\"fields\": [\"End date\"]}}]"}}, {"model": "admin.logentry", "pk": 38, "fields": {"action_time": "2024-12-22T21:42:34.530Z", "user": 1, "content_type": 9, "object_id": "4", "object_repr": "Mars from 2024-03-01 to 2025-12-31", "action_flag": 2, "change_message": "[{\"changed\": {\"fields\": [\"Start date\"]}}]"}}, {"model": "admin.logentry", "pk": 39, "fields": {"action_time": "2024-12-22T21:42:45.222Z", "user": 1, "content_type": 9, "object_id": "4", "object_repr": "Mars from 2023-03-01 to 2025-12-31", "action_flag": 2, "change_message": "[{\"changed\": {\"fields\": [\"End date\"]}}]"}}, {"model": "admin.logentry", "pk": 40, "fields": {"action_time": "2024-12-22T21:43:17.297Z", "user": 1, "content_type": 9, "object_id": "6", "object_repr": "Foo from None to None", "action_flag": 1, "change_message": "[{\"added\": {}}]"}}, {"model": "admin.logentry", "pk": 41, "fields": {"action_time": "2024-12-22T21:43:35.884Z", "user": 1, "content_type": 9, "object_id": "4", "object_repr": "Mars from 2023-03-01 to 2024-08-31", "action_flag": 2, "change_message": "[{\"changed\": {\"fields\": [\"Start date\", \"End date\"]}}]"}}, {"model": "admin.logentry", "pk": 42, "fields": {"action_time": "2024-12-22T22:27:26.818Z", "user": 1, "content_type": 11, "object_id": "1", "object_repr": "RentCost object (1)", "action_flag": 1, "change_message": "[{\"added\": {}}]"}}, {"model": "admin.logentry", "pk": 43, "fields": {"action_time": "2024-12-22T22:27:41.249Z", "user": 1, "content_type": 11, "object_id": "2", "object_repr": "RentCost object (2)", "action_flag": 1, "change_message": "[{\"added\": {}}]"}}, {"model": "admin.logentry", "pk": 44, "fields": {"action_time": "2024-12-23T00:28:39.856Z", "user": 1, "content_type": 12, "object_id": "1", "object_repr": "RentPaid object (1)", "action_flag": 1, "change_message": "[{\"added\": {}}]"}}, {"model": "admin.logentry", "pk": 45, "fields": {"action_time": "2024-12-23T01:16:45.428Z", "user": 1, "content_type": 10, "object_id": "3", "object_repr": "Mars's Derbi from None to None", "action_flag": 1, "change_message": "[{\"added\": {}}]"}}, {"model": "admin.logentry", "pk": 46, "fields": {"action_time": "2024-12-23T01:22:37.426Z", "user": 1, "content_type": 9, "object_id": "4", "object_repr": "Mars from 2024-03-01 to 2025-01-31", "action_flag": 2, "change_message": "[{\"changed\": {\"fields\": [\"Access\"]}}]"}}, {"model": "admin.logentry", "pk": 47, "fields": {"action_time": "2024-12-23T01:22:52.698Z", "user": 1, "content_type": 9, "object_id": "4", "object_repr": "Mars from 2024-03-01 to 2025-01-31", "action_flag": 2, "change_message": "[{\"changed\": {\"fields\": [\"Access\"]}}]"}}, {"model": "admin.logentry", "pk": 48, "fields": {"action_time": "2024-12-23T01:35:05.758Z", "user": 1, "content_type": 12, "object_id": "2", "object_repr": "Foo paid $123 on None", "action_flag": 1, "change_message": "[{\"added\": {}}]"}}, {"model": "admin.logentry", "pk": 49, "fields": {"action_time": "2024-12-24T01:15:51.554Z", "user": 1, "content_type": 8, "object_id": "2", "object_repr": "Mars: Negrini", "action_flag": 1, "change_message": "[{\"added\": {}}]"}}, {"model": "admin.logentry", "pk": 50, "fields": {"action_time": "2024-12-24T01:16:14.923Z", "user": 1, "content_type": 10, "object_id": "4", "object_repr": "Mars's Negrini from None to None", "action_flag": 1, "change_message": "[{\"added\": {}}]"}}, {"model": "admin.logentry", "pk": 51, "fields": {"action_time": "2024-12-24T01:16:21.973Z", "user": 1, "content_type": 10, "object_id": "3", "object_repr": "Mars's Derbi from 2023-03-01 to 2024-12-31", "action_flag": 2, "change_message": "[{\"changed\": {\"fields\": [\"Start date\"]}}]"}}, {"model": "admin.logentry", "pk": 52, "fields": {"action_time": "2024-12-24T01:17:12.873Z", "user": 1, "content_type": 9, "object_id": "4", "object_repr": "Mars from 2024-03-01 to 2025-01-31", "action_flag": 2, "change_message": "[{\"changed\": {\"fields\": [\"End date\"]}}]"}}, {"model": "admin.logentry", "pk": 53, "fields": {"action_time": "2024-12-24T03:54:17.580Z", "user": 1, "content_type": 7, "object_id": "2", "object_repr": "Foo", "action_flag": 3, "change_message": ""}}, {"model": "admin.logentry", "pk": 54, "fields": {"action_time": "2024-12-24T03:54:43.434Z", "user": 1, "content_type": 7, "object_id": "3", "object_repr": "Andy Hunt", "action_flag": 1, "change_message": "[{\"added\": {}}]"}}, {"model": "admin.logentry", "pk": 55, "fields": {"action_time": "2024-12-24T03:54:51.309Z", "user": 1, "content_type": 7, "object_id": "4", "object_repr": "Emma", "action_flag": 1, "change_message": "[{\"added\": {}}]"}}, {"model": "admin.logentry", "pk": 56, "fields": {"action_time": "2024-12-24T03:54:55.788Z", "user": 1, "content_type": 7, "object_id": "3", "object_repr": "Hunt", "action_flag": 2, "change_message": "[{\"changed\": {\"fields\": [\"Name\"]}}]"}}, {"model": "admin.logentry", "pk": 57, "fields": {"action_time": "2024-12-24T03:55:02.803Z", "user": 1, "content_type": 7, "object_id": "5", "object_repr": "Jerry", "action_flag": 1, "change_message": "[{\"added\": {}}]"}}, {"model": "admin.logentry", "pk": 58, "fields": {"action_time": "2024-12-24T03:55:10.362Z", "user": 1, "content_type": 7, "object_id": "6", "object_repr": "Jason", "action_flag": 1, "change_message": "[{\"added\": {}}]"}}, {"model": "admin.logentry", "pk": 59, "fields": {"action_time": "2024-12-24T03:55:17.145Z", "user": 1, "content_type": 7, "object_id": "7", "object_repr": "Owen", "action_flag": 1, "change_message": "[{\"added\": {}}]"}}, {"model": "admin.logentry", "pk": 60, "fields": {"action_time": "2024-12-24T03:55:24.834Z", "user": 1, "content_type": 7, "object_id": "8", "object_repr": "Royce", "action_flag": 1, "change_message": "[{\"added\": {}}]"}}, {"model": "admin.logentry", "pk": 61, "fields": {"action_time": "2024-12-24T03:55:30.709Z", "user": 1, "content_type": 7, "object_id": "9", "object_repr": "Zach", "action_flag": 1, "change_message": "[{\"added\": {}}]"}}, {"model": "admin.logentry", "pk": 62, "fields": {"action_time": "2024-12-24T03:55:37.381Z", "user": 1, "content_type": 7, "object_id": "10", "object_repr": "Sierra", "action_flag": 1, "change_message": "[{\"added\": {}}]"}}, {"model": "admin.logentry", "pk": 63, "fields": {"action_time": "2024-12-24T03:55:44.021Z", "user": 1, "content_type": 7, "object_id": "11", "object_repr": "Drew", "action_flag": 1, "change_message": "[{\"added\": {}}]"}}, {"model": "admin.logentry", "pk": 64, "fields": {"action_time": "2024-12-24T03:55:50.901Z", "user": 1, "content_type": 7, "object_id": "12", "object_repr": "Silfr", "action_flag": 1, "change_message": "[{\"added\": {}}]"}}, {"model": "admin.logentry", "pk": 65, "fields": {"action_time": "2024-12-24T03:55:57.487Z", "user": 1, "content_type": 7, "object_id": "13", "object_repr": "Zorb", "action_flag": 1, "change_message": "[{\"added\": {}}]"}}, {"model": "admin.logentry", "pk": 66, "fields": {"action_time": "2024-12-24T03:56:21.655Z", "user": 1, "content_type": 7, "object_id": "14", "object_repr": "Johnny", "action_flag": 1, "change_message": "[{\"added\": {}}]"}}, {"model": "admin.logentry", "pk": 67, "fields": {"action_time": "2024-12-24T03:56:27.560Z", "user": 1, "content_type": 7, "object_id": "15", "object_repr": "Nate", "action_flag": 1, "change_message": "[{\"added\": {}}]"}}, {"model": "admin.logentry", "pk": 68, "fields": {"action_time": "2024-12-24T03:56:57.291Z", "user": 1, "content_type": 9, "object_id": "4", "object_repr": "Mars from 2024-03-01 to 2024-12-31", "action_flag": 2, "change_message": "[{\"changed\": {\"fields\": [\"Start date\"]}}]"}}, {"model": "admin.logentry", "pk": 69, "fields": {"action_time": "2024-12-24T03:58:01.461Z", "user": 1, "content_type": 9, "object_id": "7", "object_repr": "Hunt from None to None", "action_flag": 1, "change_message": "[{\"added\": {}}]"}}, {"model": "admin.logentry", "pk": 70, "fields": {"action_time": "2024-12-24T03:58:19.916Z", "user": 1, "content_type": 9, "object_id": "8", "object_repr": "Emma from None to None", "action_flag": 1, "change_message": "[{\"added\": {}}]"}}, {"model": "admin.logentry", "pk": 71, "fields": {"action_time": "2024-12-24T03:58:30.924Z", "user": 1, "content_type": 9, "object_id": "9", "object_repr": "Jerry from None to None", "action_flag": 1, "change_message": "[{\"added\": {}}]"}}, {"model": "admin.logentry", "pk": 72, "fields": {"action_time": "2024-12-24T04:01:17.326Z", "user": 1, "content_type": 9, "object_id": "10", "object_repr": "Jason from None to None", "action_flag": 1, "change_message": "[{\"added\": {}}]"}}, {"model": "admin.logentry", "pk": 73, "fields": {"action_time": "2024-12-24T04:01:27.800Z", "user": 1, "content_type": 9, "object_id": "11", "object_repr": "Owen from None to None", "action_flag": 1, "change_message": "[{\"added\": {}}]"}}, {"model": "admin.logentry", "pk": 74, "fields": {"action_time": "2024-12-24T04:01:41.638Z", "user": 1, "content_type": 9, "object_id": "12", "object_repr": "Zach from None to None", "action_flag": 1, "change_message": "[{\"added\": {}}]"}}, {"model": "admin.logentry", "pk": 75, "fields": {"action_time": "2024-12-24T04:01:51.115Z", "user": 1, "content_type": 9, "object_id": "13", "object_repr": "Sierra from None to None", "action_flag": 1, "change_message": "[{\"added\": {}}]"}}, {"model": "admin.logentry", "pk": 76, "fields": {"action_time": "2024-12-24T04:02:39.563Z", "user": 1, "content_type": 9, "object_id": "14", "object_repr": "Drew from None to None", "action_flag": 1, "change_message": "[{\"added\": {}}]"}}, {"model": "admin.logentry", "pk": 77, "fields": {"action_time": "2024-12-24T04:02:48.907Z", "user": 1, "content_type": 9, "object_id": "15", "object_repr": "Silfr from None to None", "action_flag": 1, "change_message": "[{\"added\": {}}]"}}, {"model": "admin.logentry", "pk": 78, "fields": {"action_time": "2024-12-24T04:03:17.113Z", "user": 1, "content_type": 9, "object_id": "16", "object_repr": "Johnny from None to None", "action_flag": 1, "change_message": "[{\"added\": {}}]"}}, {"model": "admin.logentry", "pk": 79, "fields": {"action_time": "2024-12-24T04:03:26.226Z", "user": 1, "content_type": 9, "object_id": "17", "object_repr": "Nate from None to None", "action_flag": 1, "change_message": "[{\"added\": {}}]"}}, {"model": "admin.logentry", "pk": 80, "fields": {"action_time": "2024-12-24T04:07:45.013Z", "user": 1, "content_type": 8, "object_id": "3", "object_repr": "Mars: Animal", "action_flag": 1, "change_message": "[{\"added\": {}}]"}}, {"model": "admin.logentry", "pk": 81, "fields": {"action_time": "2024-12-24T04:08:00.982Z", "user": 1, "content_type": 10, "object_id": "5", "object_repr": "Mars's Animal from None to None", "action_flag": 1, "change_message": "[{\"added\": {}}]"}}, {"model": "admin.logentry", "pk": 82, "fields": {"action_time": "2024-12-24T04:09:34.194Z", "user": 1, "content_type": 8, "object_id": "4", "object_repr": "Mars: Sparky", "action_flag": 1, "change_message": "[{\"added\": {}}]"}}, {"model": "admin.logentry", "pk": 83, "fields": {"action_time": "2024-12-24T04:09:45.929Z", "user": 1, "content_type": 10, "object_id": "6", "object_repr": "Mars's Sparky from None to None", "action_flag": 1, "change_message": "[{\"added\": {}}]"}}, {"model": "admin.logentry", "pk": 84, "fields": {"action_time": "2024-12-24T04:10:08.114Z", "user": 1, "content_type": 8, "object_id": "5", "object_repr": "Mars: Red Hobbit", "action_flag": 1, "change_message": "[{\"added\": {}}]"}}, {"model": "admin.logentry", "pk": 85, "fields": {"action_time": "2024-12-24T04:10:23.954Z", "user": 1, "content_type": 8, "object_id": "6", "object_repr": "Mars: Dragster 180", "action_flag": 1, "change_message": "[{\"added\": {}}]"}}, {"model": "admin.logentry", "pk": 86, "fields": {"action_time": "2024-12-24T04:10:38.601Z", "user": 1, "content_type": 10, "object_id": "7", "object_repr": "Mars's Red Hobbit from None to None", "action_flag": 1, "change_message": "[{\"added\": {}}]"}}, {"model": "admin.logentry", "pk": 87, "fields": {"action_time": "2024-12-24T04:10:44.072Z", "user": 1, "content_type": 10, "object_id": "8", "object_repr": "Mars's Dragster 180 from None to None", "action_flag": 1, "change_message": "[{\"added\": {}}]"}}, {"model": "admin.logentry", "pk": 88, "fields": {"action_time": "2024-12-24T04:27:01.151Z", "user": 1, "content_type": 10, "object_id": "8", "object_repr": "Mars's Dragster 180 from 2020-01-01 to 2024-12-31", "action_flag": 2, "change_message": "[{\"changed\": {\"fields\": [\"End date\"]}}]"}}, {"model": "admin.logentry", "pk": 89, "fields": {"action_time": "2024-12-24T04:27:12.030Z", "user": 1, "content_type": 10, "object_id": "9", "object_repr": "Mars's Dragster 180 from None to None", "action_flag": 1, "change_message": "[{\"added\": {}}]"}}, {"model": "admin.logentry", "pk": 90, "fields": {"action_time": "2024-12-24T04:27:21.472Z", "user": 1, "content_type": 10, "object_id": "8", "object_repr": "Mars's Dragster 180 from 2020-01-01 to 2021-01-31", "action_flag": 3, "change_message": ""}}, {"model": "admin.logentry", "pk": 91, "fields": {"action_time": "2024-12-24T04:42:44.670Z", "user": 1, "content_type": 7, "object_id": "16", "object_repr": "Gribov", "action_flag": 1, "change_message": "[{\"added\": {}}]"}}, {"model": "admin.logentry", "pk": 92, "fields": {"action_time": "2024-12-24T04:43:06.399Z", "user": 1, "content_type": 9, "object_id": "18", "object_repr": "Gribov from None to 2024-07-01", "action_flag": 1, "change_message": "[{\"added\": {}}]"}}, {"model": "admin.logentry", "pk": 93, "fields": {"action_time": "2024-12-24T04:43:40.089Z", "user": 1, "content_type": 12, "object_id": "3", "object_repr": "Gribov paid $65 on None", "action_flag": 1, "change_message": "[{\"added\": {}}]"}}, {"model": "admin.logentry", "pk": 94, "fields": {"action_time": "2024-12-24T04:44:10.567Z", "user": 1, "content_type": 12, "object_id": "4", "object_repr": "Jerry paid $114 on None", "action_flag": 1, "change_message": "[{\"added\": {}}]"}}, {"model": "admin.logentry", "pk": 95, "fields": {"action_time": "2024-12-24T04:44:58.597Z", "user": 1, "content_type": 12, "object_id": "5", "object_repr": "Jason paid $40 on None", "action_flag": 1, "change_message": "[{\"added\": {}}]"}}, {"model": "admin.logentry", "pk": 96, "fields": {"action_time": "2024-12-24T04:45:07.158Z", "user": 1, "content_type": 12, "object_id": "6", "object_repr": "Owen paid $25 on None", "action_flag": 1, "change_message": "[{\"added\": {}}]"}}, {"model": "admin.logentry", "pk": 97, "fields": {"action_time": "2024-12-24T04:45:57.449Z", "user": 1, "content_type": 12, "object_id": "7", "object_repr": "Zach paid $165 on None", "action_flag": 1, "change_message": "[{\"added\": {}}]"}}, {"model": "admin.logentry", "pk": 98, "fields": {"action_time": "2024-12-24T04:46:09.348Z", "user": 1, "content_type": 12, "object_id": "8", "object_repr": "Sierra paid $115 on None", "action_flag": 1, "change_message": "[{\"added\": {}}]"}}, {"model": "admin.logentry", "pk": 99, "fields": {"action_time": "2024-12-24T04:46:45.475Z", "user": 1, "content_type": 12, "object_id": "9", "object_repr": "Silfr paid $100 on None", "action_flag": 1, "change_message": "[{\"added\": {}}]"}}, {"model": "admin.logentry", "pk": 100, "fields": {"action_time": "2024-12-24T04:46:55.605Z", "user": 1, "content_type": 12, "object_id": "10", "object_repr": "Zorb paid $40 on None", "action_flag": 1, "change_message": "[{\"added\": {}}]"}}, {"model": "admin.logentry", "pk": 101, "fields": {"action_time": "2024-12-24T04:47:12.561Z", "user": 1, "content_type": 12, "object_id": "11", "object_repr": "Johnny paid $25 on None", "action_flag": 1, "change_message": "[{\"added\": {}}]"}}, {"model": "admin.logentry", "pk": 102, "fields": {"action_time": "2024-12-24T04:47:23.271Z", "user": 1, "content_type": 12, "object_id": "12", "object_repr": "Nate paid $65 on None", "action_flag": 1, "change_message": "[{\"added\": {}}]"}}, {"model": "admin.logentry", "pk": 103, "fields": {"action_time": "2024-12-24T04:48:30.541Z", "user": 1, "content_type": 9, "object_id": "16", "object_repr": "Johnny from 2020-01-01 to 2024-11-01", "action_flag": 2, "change_message": "[{\"changed\": {\"fields\": [\"End date\", \"Access\"]}}]"}}, {"model": "admin.logentry", "pk": 104, "fields": {"action_time": "2024-12-24T04:48:54.192Z", "user": 1, "content_type": 8, "object_id": "7", "object_repr": "Johnny: Silver Maxi", "action_flag": 1, "change_message": "[{\"added\": {}}]"}}, {"model": "admin.logentry", "pk": 105, "fields": {"action_time": "2024-12-24T04:49:17.757Z", "user": 1, "content_type": 10, "object_id": "10", "object_repr": "Johnny's Silver Maxi from None ", "action_flag": 1, "change_message": "[{\"added\": {}}]"}}, {"model": "admin.logentry", "pk": 106, "fields": {"action_time": "2024-12-24T04:49:56.624Z", "user": 1, "content_type": 9, "object_id": "19", "object_repr": "Johnny from None ", "action_flag": 1, "change_message": "[{\"added\": {}}]"}}, {"model": "admin.logentry", "pk": 107, "fields": {"action_time": "2024-12-24T04:50:41.059Z", "user": 1, "content_type": 12, "object_id": "13", "object_repr": "Emma paid $65 on None", "action_flag": 1, "change_message": "[{\"added\": {}}]"}}, {"model": "admin.logentry", "pk": 108, "fields": {"action_time": "2024-12-24T04:50:54.961Z", "user": 1, "content_type": 12, "object_id": "14", "object_repr": "Jerry paid $140 on None", "action_flag": 1, "change_message": "[{\"added\": {}}]"}}, {"model": "admin.logentry", "pk": 109, "fields": {"action_time": "2024-12-24T04:51:09.987Z", "user": 1, "content_type": 12, "object_id": "15", "object_repr": "Owen paid $25 on None", "action_flag": 1, "change_message": "[{\"added\": {}}]"}}, {"model": "admin.logentry", "pk": 110, "fields": {"action_time": "2024-12-24T04:51:24.904Z", "user": 1, "content_type": 12, "object_id": "16", "object_repr": "Zach paid $165 on None", "action_flag": 1, "change_message": "[{\"added\": {}}]"}}, {"model": "admin.logentry", "pk": 111, "fields": {"action_time": "2024-12-24T04:51:40.678Z", "user": 1, "content_type": 12, "object_id": "17", "object_repr": "Johnny paid $25 on None", "action_flag": 1, "change_message": "[{\"added\": {}}]"}}, {"model": "admin.logentry", "pk": 112, "fields": {"action_time": "2024-12-24T04:51:58.225Z", "user": 1, "content_type": 12, "object_id": "18", "object_repr": "Nate paid $65 on None", "action_flag": 1, "change_message": "[{\"added\": {}}]"}}, {"model": "admin.logentry", "pk": 113, "fields": {"action_time": "2024-12-24T05:00:47.457Z", "user": 1, "content_type": 11, "object_id": "3", "object_repr": "Rent @ $1250 from None ", "action_flag": 1, "change_message": "[{\"added\": {}}]"}}, {"model": "admin.logentry", "pk": 114, "fields": {"action_time": "2024-12-24T05:07:03.668Z", "user": 1, "content_type": 12, "object_id": "19", "object_repr": "Hunt paid $200 on None", "action_flag": 1, "change_message": "[{\"added\": {}}]"}}, {"model": "admin.logentry", "pk": 115, "fields": {"action_time": "2024-12-24T05:09:11.083Z", "user": 1, "content_type": 9, "object_id": "20", "object_repr": "Zorb from None to 2024-07-01", "action_flag": 1, "change_message": "[{\"added\": {}}]"}}, {"model": "admin.logentry", "pk": 116, "fields": {"action_time": "2024-12-24T05:09:22.626Z", "user": 1, "content_type": 12, "object_id": "20", "object_repr": "Zorb paid $40 on None", "action_flag": 1, "change_message": "[{\"added\": {}}]"}}, {"model": "admin.logentry", "pk": 117, "fields": {"action_time": "2024-12-24T05:09:54.505Z", "user": 1, "content_type": 12, "object_id": "20", "object_repr": "Zorb paid $40 on 2024-07-01", "action_flag": 3, "change_message": ""}}, {"model": "admin.logentry", "pk": 118, "fields": {"action_time": "2024-12-24T05:10:23.276Z", "user": 1, "content_type": 12, "object_id": "21", "object_repr": "Zorb paid $40 on None", "action_flag": 1, "change_message": "[{\"added\": {}}]"}}, {"model": "admin.logentry", "pk": 119, "fields": {"action_time": "2024-12-24T05:25:35.759Z", "user": 1, "content_type": 12, "object_id": "22", "object_repr": "Jerry paid $140 on None", "action_flag": 1, "change_message": "[{\"added\": {}}]"}}, {"model": "admin.logentry", "pk": 120, "fields": {"action_time": "2024-12-24T05:25:51.775Z", "user": 1, "content_type": 12, "object_id": "23", "object_repr": "Owen paid $25 on None", "action_flag": 1, "change_message": "[{\"added\": {}}]"}}, {"model": "admin.logentry", "pk": 121, "fields": {"action_time": "2024-12-24T05:26:05.322Z", "user": 1, "content_type": 12, "object_id": "24", "object_repr": "Zach paid $165 on None", "action_flag": 1, "change_message": "[{\"added\": {}}]"}}, {"model": "admin.logentry", "pk": 122, "fields": {"action_time": "2024-12-24T05:26:19.358Z", "user": 1, "content_type": 12, "object_id": "25", "object_repr": "Sierra paid $165 on None", "action_flag": 1, "change_message": "[{\"added\": {}}]"}}, {"model": "admin.logentry", "pk": 123, "fields": {"action_time": "2024-12-24T05:26:33.090Z", "user": 1, "content_type": 12, "object_id": "26", "object_repr": "Johnny paid $25 on None", "action_flag": 1, "change_message": "[{\"added\": {}}]"}}, {"model": "admin.logentry", "pk": 124, "fields": {"action_time": "2024-12-24T05:26:40.575Z", "user": 1, "content_type": 12, "object_id": "27", "object_repr": "Nate paid $65 on None", "action_flag": 1, "change_message": "[{\"added\": {}}]"}}, {"model": "admin.logentry", "pk": 125, "fields": {"action_time": "2024-12-24T05:27:55.145Z", "user": 1, "content_type": 12, "object_id": "28", "object_repr": "Emma paid $65 on None", "action_flag": 1, "change_message": "[{\"added\": {}}]"}}, {"model": "admin.logentry", "pk": 126, "fields": {"action_time": "2024-12-24T05:28:07.900Z", "user": 1, "content_type": 12, "object_id": "29", "object_repr": "Jerry paid $140 on None", "action_flag": 1, "change_message": "[{\"added\": {}}]"}}, {"model": "admin.logentry", "pk": 127, "fields": {"action_time": "2024-12-24T05:28:22.394Z", "user": 1, "content_type": 12, "object_id": "30", "object_repr": "Jason paid $40 on None", "action_flag": 1, "change_message": "[{\"added\": {}}]"}}, {"model": "admin.logentry", "pk": 128, "fields": {"action_time": "2024-12-24T05:28:42.149Z", "user": 1, "content_type": 12, "object_id": "31", "object_repr": "Owen paid $25 on None", "action_flag": 1, "change_message": "[{\"added\": {}}]"}}, {"model": "admin.logentry", "pk": 129, "fields": {"action_time": "2024-12-24T05:28:57.617Z", "user": 1, "content_type": 12, "object_id": "32", "object_repr": "Zach paid $100 on None", "action_flag": 1, "change_message": "[{\"added\": {}}]"}}, {"model": "admin.logentry", "pk": 130, "fields": {"action_time": "2024-12-24T05:29:29.061Z", "user": 1, "content_type": 12, "object_id": "33", "object_repr": "Sierra paid $165 on None", "action_flag": 1, "change_message": "[{\"added\": {}}]"}}, {"model": "admin.logentry", "pk": 131, "fields": {"action_time": "2024-12-24T05:29:41.169Z", "user": 1, "content_type": 12, "object_id": "34", "object_repr": "Drew paid $40 on None", "action_flag": 1, "change_message": "[{\"added\": {}}]"}}, {"model": "admin.logentry", "pk": 132, "fields": {"action_time": "2024-12-24T05:30:00.562Z", "user": 1, "content_type": 12, "object_id": "35", "object_repr": "Johnny paid $25 on None", "action_flag": 1, "change_message": "[{\"added\": {}}]"}}, {"model": "admin.logentry", "pk": 133, "fields": {"action_time": "2024-12-24T05:30:08.532Z", "user": 1, "content_type": 12, "object_id": "36", "object_repr": "Nate paid $65 on None", "action_flag": 1, "change_message": "[{\"added\": {}}]"}}, {"model": "admin.logentry", "pk": 134, "fields": {"action_time": "2024-12-24T05:31:39.785Z", "user": 1, "content_type": 9, "object_id": "21", "object_repr": "Gribov from None to 2024-11-01", "action_flag": 1, "change_message": "[{\"added\": {}}]"}}, {"model": "admin.logentry", "pk": 135, "fields": {"action_time": "2024-12-24T05:31:49.748Z", "user": 1, "content_type": 12, "object_id": "37", "object_repr": "Gribov paid $25 on None", "action_flag": 1, "change_message": "[{\"added\": {}}]"}}, {"model": "admin.logentry", "pk": 136, "fields": {"action_time": "2024-12-24T05:32:17.903Z", "user": 1, "content_type": 8, "object_id": "8", "object_repr": "Gribov: A Moped", "action_flag": 1, "change_message": "[{\"added\": {}}]"}}, {"model": "admin.logentry", "pk": 137, "fields": {"action_time": "2024-12-24T05:32:31.337Z", "user": 1, "content_type": 10, "object_id": "11", "object_repr": "Gribov's A Moped from None to 2024-11-01", "action_flag": 1, "change_message": "[{\"added\": {}}]"}}, {"model": "admin.logentry", "pk": 138, "fields": {"action_time": "2024-12-24T05:32:50.583Z", "user": 1, "content_type": 12, "object_id": "38", "object_repr": "Emma paid $65 on None", "action_flag": 1, "change_message": "[{\"added\": {}}]"}}, {"model": "admin.logentry", "pk": 139, "fields": {"action_time": "2024-12-24T05:33:11.865Z", "user": 1, "content_type": 12, "object_id": "39", "object_repr": "Jerry paid $140 on None", "action_flag": 1, "change_message": "[{\"added\": {}}]"}}, {"model": "admin.logentry", "pk": 140, "fields": {"action_time": "2024-12-24T05:33:22.882Z", "user": 1, "content_type": 12, "object_id": "40", "object_repr": "Jason paid $40 on None", "action_flag": 1, "change_message": "[{\"added\": {}}]"}}, {"model": "admin.logentry", "pk": 141, "fields": {"action_time": "2024-12-24T05:33:32.238Z", "user": 1, "content_type": 12, "object_id": "41", "object_repr": "Owen paid $25 on None", "action_flag": 1, "change_message": "[{\"added\": {}}]"}}, {"model": "admin.logentry", "pk": 142, "fields": {"action_time": "2024-12-24T05:34:34.665Z", "user": 1, "content_type": 12, "object_id": "42", "object_repr": "Royce paid $135 on None", "action_flag": 1, "change_message": "[{\"added\": {}}]"}}, {"model": "admin.logentry", "pk": 143, "fields": {"action_time": "2024-12-24T05:35:07.440Z", "user": 1, "content_type": 9, "object_id": "22", "object_repr": "Royce from None ", "action_flag": 1, "change_message": "[{\"added\": {}}]"}}, {"model": "admin.logentry", "pk": 144, "fields": {"action_time": "2024-12-24T05:35:44.016Z", "user": 1, "content_type": 12, "object_id": "43", "object_repr": "Zach paid $15 on None", "action_flag": 1, "change_message": "[{\"added\": {}}]"}}, {"model": "admin.logentry", "pk": 145, "fields": {"action_time": "2024-12-24T05:35:53.448Z", "user": 1, "content_type": 12, "object_id": "43", "object_repr": "Zach paid $155 on 2024-11-01", "action_flag": 2, "change_message": "[{\"changed\": {\"fields\": [\"Amount paid\"]}}]"}}, {"model": "admin.logentry", "pk": 146, "fields": {"action_time": "2024-12-24T05:36:38.737Z", "user": 1, "content_type": 12, "object_id": "44", "object_repr": "Sierra paid $105 on None", "action_flag": 1, "change_message": "[{\"added\": {}}]"}}, {"model": "admin.logentry", "pk": 147, "fields": {"action_time": "2024-12-24T05:36:50.080Z", "user": 1, "content_type": 12, "object_id": "45", "object_repr": "Drew paid $40 on None", "action_flag": 1, "change_message": "[{\"added\": {}}]"}}, {"model": "admin.logentry", "pk": 148, "fields": {"action_time": "2024-12-24T05:37:00.826Z", "user": 1, "content_type": 12, "object_id": "46", "object_repr": "Johnny paid $25 on None", "action_flag": 1, "change_message": "[{\"added\": {}}]"}}, {"model": "admin.logentry", "pk": 149, "fields": {"action_time": "2024-12-24T05:37:09.505Z", "user": 1, "content_type": 12, "object_id": "47", "object_repr": "Nate paid $65 on None", "action_flag": 1, "change_message": "[{\"added\": {}}]"}}, {"model": "admin.logentry", "pk": 150, "fields": {"action_time": "2024-12-24T05:37:48.276Z", "user": 1, "content_type": 12, "object_id": "48", "object_repr": "Jerry paid $140 on None", "action_flag": 1, "change_message": "[{\"added\": {}}]"}}, {"model": "admin.logentry", "pk": 151, "fields": {"action_time": "2024-12-24T05:37:57.682Z", "user": 1, "content_type": 12, "object_id": "49", "object_repr": "Owen paid $25 on None", "action_flag": 1, "change_message": "[{\"added\": {}}]"}}, {"model": "admin.logentry", "pk": 152, "fields": {"action_time": "2024-12-24T05:38:08.267Z", "user": 1, "content_type": 12, "object_id": "50", "object_repr": "Royce paid $115 on None", "action_flag": 1, "change_message": "[{\"added\": {}}]"}}, {"model": "admin.logentry", "pk": 153, "fields": {"action_time": "2024-12-24T05:38:17.469Z", "user": 1, "content_type": 12, "object_id": "51", "object_repr": "Zach paid $165 on None", "action_flag": 1, "change_message": "[{\"added\": {}}]"}}, {"model": "admin.logentry", "pk": 154, "fields": {"action_time": "2024-12-24T05:38:27.415Z", "user": 1, "content_type": 12, "object_id": "52", "object_repr": "Sierra paid $115 on None", "action_flag": 1, "change_message": "[{\"added\": {}}]"}}, {"model": "admin.logentry", "pk": 155, "fields": {"action_time": "2024-12-24T05:38:42.627Z", "user": 1, "content_type": 12, "object_id": "53", "object_repr": "Johnny paid $65 on None", "action_flag": 1, "change_message": "[{\"added\": {}}]"}}, {"model": "admin.logentry", "pk": 156, "fields": {"action_time": "2024-12-24T05:38:51.040Z", "user": 1, "content_type": 12, "object_id": "54", "object_repr": "Nate paid $65 on None", "action_flag": 1, "change_message": "[{\"added\": {}}]"}}, {"model": "admin.logentry", "pk": 157, "fields": {"action_time": "2024-12-24T05:39:46.224Z", "user": 1, "content_type": 12, "object_id": "55", "object_repr": "Jerry paid $140 on None", "action_flag": 1, "change_message": "[{\"added\": {}}]"}}, {"model": "admin.logentry", "pk": 158, "fields": {"action_time": "2024-12-24T05:39:58.284Z", "user": 1, "content_type": 12, "object_id": "56", "object_repr": "Owen paid $25 on None", "action_flag": 1, "change_message": "[{\"added\": {}}]"}}, {"model": "admin.logentry", "pk": 159, "fields": {"action_time": "2024-12-24T05:40:13.215Z", "user": 1, "content_type": 12, "object_id": "57", "object_repr": "Royce paid $115 on None", "action_flag": 1, "change_message": "[{\"added\": {}}]"}}, {"model": "admin.logentry", "pk": 160, "fields": {"action_time": "2024-12-24T05:40:29.163Z", "user": 1, "content_type": 12, "object_id": "58", "object_repr": "Zach paid $165 on None", "action_flag": 1, "change_message": "[{\"added\": {}}]"}}, {"model": "admin.logentry", "pk": 161, "fields": {"action_time": "2024-12-24T05:40:38.917Z", "user": 1, "content_type": 12, "object_id": "59", "object_repr": "Sierra paid $115 on None", "action_flag": 1, "change_message": "[{\"added\": {}}]"}}, {"model": "admin.logentry", "pk": 162, "fields": {"action_time": "2024-12-24T05:40:48.723Z", "user": 1, "content_type": 12, "object_id": "60", "object_repr": "Johnny paid $65 on None", "action_flag": 1, "change_message": "[{\"added\": {}}]"}}, {"model": "admin.logentry", "pk": 163, "fields": {"action_time": "2024-12-24T05:40:56.477Z", "user": 1, "content_type": 12, "object_id": "61", "object_repr": "Nate paid $65 on None", "action_flag": 1, "change_message": "[{\"added\": {}}]"}}, {"model": "admin.logentry", "pk": 164, "fields": {"action_time": "2024-12-25T09:28:25.172Z", "user": 1, "content_type": 12, "object_id": "62", "object_repr": "Sierra paid $115 on None", "action_flag": 1, "change_message": "[{\"added\": {}}]"}}, {"model": "admin.logentry", "pk": 165, "fields": {"action_time": "2024-12-25T09:29:05.037Z", "user": 1, "content_type": 8, "object_id": "9", "object_repr": "Drew: Hobbit", "action_flag": 1, "change_message": "[{\"added\": {}}]"}}, {"model": "admin.logentry", "pk": 166, "fields": {"action_time": "2024-12-25T09:29:28.139Z", "user": 1, "content_type": 10, "object_id": "12", "object_repr": "Drew's Hobbit from None ", "action_flag": 1, "change_message": "[{\"added\": {}}]"}}, {"model": "admin.logentry", "pk": 167, "fields": {"action_time": "2024-12-25T09:30:18.823Z", "user": 1, "content_type": 8, "object_id": "10", "object_repr": "Nate: Maxi", "action_flag": 1, "change_message": "[{\"added\": {}}]"}}, {"model": "admin.logentry", "pk": 168, "fields": {"action_time": "2024-12-25T09:30:36.862Z", "user": 1, "content_type": 10, "object_id": "13", "object_repr": "Nate's Maxi from None ", "action_flag": 1, "change_message": "[{\"added\": {}}]"}}, {"model": "admin.logentry", "pk": 169, "fields": {"action_time": "2024-12-25T09:31:08.527Z", "user": 1, "content_type": 8, "object_id": "11", "object_repr": "Owen: Moped", "action_flag": 1, "change_message": "[{\"added\": {}}]"}}, {"model": "admin.logentry", "pk": 170, "fields": {"action_time": "2024-12-25T09:31:17.090Z", "user": 1, "content_type": 10, "object_id": "14", "object_repr": "Owen's Moped from None ", "action_flag": 1, "change_message": "[{\"added\": {}}]"}}, {"model": "auth.permission", "pk": 1, "fields": {"name": "Can add log entry", "content_type": 1, "codename": "add_logentry"}}, {"model": "auth.permission", "pk": 2, "fields": {"name": "Can change log entry", "content_type": 1, "codename": "change_logentry"}}, {"model": "auth.permission", "pk": 3, "fields": {"name": "Can delete log entry", "content_type": 1, "codename": "delete_logentry"}}, {"model": "auth.permission", "pk": 4, "fields": {"name": "Can view log entry", "content_type": 1, "codename": "view_logentry"}}, {"model": "auth.permission", "pk": 5, "fields": {"name": "Can add permission", "content_type": 2, "codename": "add_permission"}}, {"model": "auth.permission", "pk": 6, "fields": {"name": "Can change permission", "content_type": 2, "codename": "change_permission"}}, {"model": "auth.permission", "pk": 7, "fields": {"name": "Can delete permission", "content_type": 2, "codename": "delete_permission"}}, {"model": "auth.permission", "pk": 8, "fields": {"name": "Can view permission", "content_type": 2, "codename": "view_permission"}}, {"model": "auth.permission", "pk": 9, "fields": {"name": "Can add group", "content_type": 3, "codename": "add_group"}}, {"model": "auth.permission", "pk": 10, "fields": {"name": "Can change group", "content_type": 3, "codename": "change_group"}}, {"model": "auth.permission", "pk": 11, "fields": {"name": "Can delete group", "content_type": 3, "codename": "delete_group"}}, {"model": "auth.permission", "pk": 12, "fields": {"name": "Can view group", "content_type": 3, "codename": "view_group"}}, {"model": "auth.permission", "pk": 13, "fields": {"name": "Can add user", "content_type": 4, "codename": "add_user"}}, {"model": "auth.permission", "pk": 14, "fields": {"name": "Can change user", "content_type": 4, "codename": "change_user"}}, {"model": "auth.permission", "pk": 15, "fields": {"name": "Can delete user", "content_type": 4, "codename": "delete_user"}}, {"model": "auth.permission", "pk": 16, "fields": {"name": "Can view user", "content_type": 4, "codename": "view_user"}}, {"model": "auth.permission", "pk": 17, "fields": {"name": "Can add content type", "content_type": 5, "codename": "add_contenttype"}}, {"model": "auth.permission", "pk": 18, "fields": {"name": "Can change content type", "content_type": 5, "codename": "change_contenttype"}}, {"model": "auth.permission", "pk": 19, "fields": {"name": "Can delete content type", "content_type": 5, "codename": "delete_contenttype"}}, {"model": "auth.permission", "pk": 20, "fields": {"name": "Can view content type", "content_type": 5, "codename": "view_contenttype"}}, {"model": "auth.permission", "pk": 21, "fields": {"name": "Can add session", "content_type": 6, "codename": "add_session"}}, {"model": "auth.permission", "pk": 22, "fields": {"name": "Can change session", "content_type": 6, "codename": "change_session"}}, {"model": "auth.permission", "pk": 23, "fields": {"name": "Can delete session", "content_type": 6, "codename": "delete_session"}}, {"model": "auth.permission", "pk": 24, "fields": {"name": "Can view session", "content_type": 6, "codename": "view_session"}}, {"model": "auth.permission", "pk": 25, "fields": {"name": "Can add renter", "content_type": 7, "codename": "add_renter"}}, {"model": "auth.permission", "pk": 26, "fields": {"name": "Can change renter", "content_type": 7, "codename": "change_renter"}}, {"model": "auth.permission", "pk": 27, "fields": {"name": "Can delete renter", "content_type": 7, "codename": "delete_renter"}}, {"model": "auth.permission", "pk": 28, "fields": {"name": "Can view renter", "content_type": 7, "codename": "view_renter"}}, {"model": "auth.permission", "pk": 29, "fields": {"name": "Can add bike", "content_type": 8, "codename": "add_bike"}}, {"model": "auth.permission", "pk": 30, "fields": {"name": "Can change bike", "content_type": 8, "codename": "change_bike"}}, {"model": "auth.permission", "pk": 31, "fields": {"name": "Can delete bike", "content_type": 8, "codename": "delete_bike"}}, {"model": "auth.permission", "pk": 32, "fields": {"name": "Can view bike", "content_type": 8, "codename": "view_bike"}}, {"model": "auth.permission", "pk": 33, "fields": {"name": "Can add renter range", "content_type": 9, "codename": "add_renterrange"}}, {"model": "auth.permission", "pk": 34, "fields": {"name": "Can change renter range", "content_type": 9, "codename": "change_renterrange"}}, {"model": "auth.permission", "pk": 35, "fields": {"name": "Can delete renter range", "content_type": 9, "codename": "delete_renterrange"}}, {"model": "auth.permission", "pk": 36, "fields": {"name": "Can view renter range", "content_type": 9, "codename": "view_renterrange"}}, {"model": "auth.permission", "pk": 37, "fields": {"name": "Can add storage range", "content_type": 10, "codename": "add_storagerange"}}, {"model": "auth.permission", "pk": 38, "fields": {"name": "Can change storage range", "content_type": 10, "codename": "change_storagerange"}}, {"model": "auth.permission", "pk": 39, "fields": {"name": "Can delete storage range", "content_type": 10, "codename": "delete_storagerange"}}, {"model": "auth.permission", "pk": 40, "fields": {"name": "Can view storage range", "content_type": 10, "codename": "view_storagerange"}}, {"model": "auth.permission", "pk": 41, "fields": {"name": "Can add rent cost", "content_type": 11, "codename": "add_rentcost"}}, {"model": "auth.permission", "pk": 42, "fields": {"name": "Can change rent cost", "content_type": 11, "codename": "change_rentcost"}}, {"model": "auth.permission", "pk": 43, "fields": {"name": "Can delete rent cost", "content_type": 11, "codename": "delete_rentcost"}}, {"model": "auth.permission", "pk": 44, "fields": {"name": "Can view rent cost", "content_type": 11, "codename": "view_rentcost"}}, {"model": "auth.permission", "pk": 45, "fields": {"name": "Can add rent paid", "content_type": 12, "codename": "add_rentpaid"}}, {"model": "auth.permission", "pk": 46, "fields": {"name": "Can change rent paid", "content_type": 12, "codename": "change_rentpaid"}}, {"model": "auth.permission", "pk": 47, "fields": {"name": "Can delete rent paid", "content_type": 12, "codename": "delete_rentpaid"}}, {"model": "auth.permission", "pk": 48, "fields": {"name": "Can view rent paid", "content_type": 12, "codename": "view_rentpaid"}}, {"model": "auth.user", "pk": 1, "fields": {"password": "pbkdf2_sha256$870000$Sl0dxhuTZwS8QDbFiK5tGV$ca+OIFGOtANrVfzpZ5mYdxBFZvDWb6KfSSbRYqyJqg8=", "last_login": "2024-12-23T04:01:47.058Z", "is_superuser": true, "username": "admin", "first_name": "", "last_name": "", "email": "admin@localhost", "is_staff": true, "is_active": true, "date_joined": "2024-11-20T05:34:46.715Z", "groups": [], "user_permissions": []}}, {"model": "contenttypes.contenttype", "pk": 1, "fields": {"app_label": "admin", "model": "logentry"}}, {"model": "contenttypes.contenttype", "pk": 2, "fields": {"app_label": "auth", "model": "permission"}}, {"model": "contenttypes.contenttype", "pk": 3, "fields": {"app_label": "auth", "model": "group"}}, {"model": "contenttypes.contenttype", "pk": 4, "fields": {"app_label": "auth", "model": "user"}}, {"model": "contenttypes.contenttype", "pk": 5, "fields": {"app_label": "contenttypes", "model": "contenttype"}}, {"model": "contenttypes.contenttype", "pk": 6, "fields": {"app_label": "sessions", "model": "session"}}, {"model": "contenttypes.contenttype", "pk": 7, "fields": {"app_label": "shop", "model": "renter"}}, {"model": "contenttypes.contenttype", "pk": 8, "fields": {"app_label": "shop", "model": "bike"}}, {"model": "contenttypes.contenttype", "pk": 9, "fields": {"app_label": "shop", "model": "renterrange"}}, {"model": "contenttypes.contenttype", "pk": 10, "fields": {"app_label": "shop", "model": "storagerange"}}, {"model": "contenttypes.contenttype", "pk": 11, "fields": {"app_label": "shop", "model": "rentcost"}}, {"model": "contenttypes.contenttype", "pk": 12, "fields": {"app_label": "shop", "model": "rentpaid"}}, {"model": "sessions.session", "pk": "7w5qds01ptgpat88uen1qkd96kcvwous", "fields": {"session_data": ".eJxVjEEOwiAQRe_C2hCgDASX7j0DgZlBqgaS0q6Md9cmXej2v_f-S8S0rTVug5c4kzgLLU6_W0744LYDuqd26xJ7W5c5y12RBx3y2omfl8P9O6hp1G-tgmb06D0kWzgUJGBtkubJEfhC5KxRTgfIxZopECBYymoiVRw7CuL9AfN1OD4:1tKTHj:nlAARe-bkgJxpfzXJEfHrS7rzLzi7YS5t_RANLE-NUg", "expire_date": "2024-12-23T02:14:07.208Z"}}, {"model": "sessions.session", "pk": "8w713re3d8nnvcaa2rij8b3s0grm1ex4", "fields": {"session_data": ".eJxVjEEOwiAQRe_C2hCgDASX7j0DgZlBqgaS0q6Md9cmXej2v_f-S8S0rTVug5c4kzgLLU6_W0744LYDuqd26xJ7W5c5y12RBx3y2omfl8P9O6hp1G-tgmb06D0kWzgUJGBtkubJEfhC5KxRTgfIxZopECBYymoiVRw7CuL9AfN1OD4:1tPZdb:2IcR81egO0oDO2I5tBCLW3OFLbQ2ksXpcFjVqeeTR0I", "expire_date": "2025-01-06T04:01:47.058Z"}}, {"model": "sessions.session", "pk": "c9dyikpv3ixwjs7tnh7mn5159dk8zohz", "fields": {"session_data": ".eJxVjEEOwiAQRe_C2hCgDASX7j0DgZlBqgaS0q6Md9cmXej2v_f-S8S0rTVug5c4kzgLLU6_W0744LYDuqd26xJ7W5c5y12RBx3y2omfl8P9O6hp1G-tgmb06D0kWzgUJGBtkubJEfhC5KxRTgfIxZopECBYymoiVRw7CuL9AfN1OD4:1tDdMh:x5UmtmkXO8J62nfmxLFm5NqYr-6J-GCtDBEG2ahkgMU", "expire_date": "2024-12-04T05:34:59.755Z"}}, {"model": "shop.rentcost", "pk": 1, "fields": {"start_date": "2020-01-01", "end_date": null, "key": "SHOP", "cost": 40}}, {"model": "shop.rentcost", "pk": 2, "fields": {"start_date": "2020-01-01", "end_date": null, "key": "STORAGE", "cost": 25}}, {"model": "shop.rentcost", "pk": 3, "fields": {"start_date": "2020-01-01", "end_date": null, "key": "RENT", "cost": 1250}}, {"model": "shop.renter", "pk": 1, "fields": {"name": "Mars"}}, {"model": "shop.renter", "pk": 3, "fields": {"name": "Hunt"}}, {"model": "shop.renter", "pk": 4, "fields": {"name": "Emma"}}, {"model": "shop.renter", "pk": 5, "fields": {"name": "Jerry"}}, {"model": "shop.renter", "pk": 6, "fields": {"name": "Jason"}}, {"model": "shop.renter", "pk": 7, "fields": {"name": "Owen"}}, {"model": "shop.renter", "pk": 8, "fields": {"name": "Royce"}}, {"model": "shop.renter", "pk": 9, "fields": {"name": "Zach"}}, {"model": "shop.renter", "pk": 10, "fields": {"name": "Sierra"}}, {"model": "shop.renter", "pk": 11, "fields": {"name": "Drew"}}, {"model": "shop.renter", "pk": 12, "fields": {"name": "Silfr"}}, {"model": "shop.renter", "pk": 13, "fields": {"name": "Zorb"}}, {"model": "shop.renter", "pk": 14, "fields": {"name": "Johnny"}}, {"model": "shop.renter", "pk": 15, "fields": {"name": "Nate"}}, {"model": "shop.renter", "pk": 16, "fields": {"name": "Gribov"}}, {"model": "shop.renterrange", "pk": 4, "fields": {"start_date": "2020-01-01", "end_date": null, "renter": 1, "access": true}}, {"model": "shop.renterrange", "pk": 7, "fields": {"start_date": "2020-01-01", "end_date": null, "renter": 3, "access": false}}, {"model": "shop.renterrange", "pk": 8, "fields": {"start_date": "2020-01-01", "end_date": null, "renter": 4, "access": true}}, {"model": "shop.renterrange", "pk": 9, "fields": {"start_date": "2020-01-01", "end_date": null, "renter": 5, "access": true}}, {"model": "shop.renterrange", "pk": 10, "fields": {"start_date": "2020-01-01", "end_date": null, "renter": 6, "access": true}}, {"model": "shop.renterrange", "pk": 11, "fields": {"start_date": "2020-01-01", "end_date": null, "renter": 7, "access": false}}, {"model": "shop.renterrange", "pk": 12, "fields": {"start_date": "2020-01-01", "end_date": null, "renter": 9, "access": true}}, {"model": "shop.renterrange", "pk": 13, "fields": {"start_date": "2020-01-01", "end_date": null, "renter": 10, "access": true}}, {"model": "shop.renterrange", "pk": 14, "fields": {"start_date": "2020-01-01", "end_date": null, "renter": 11, "access": true}}, {"model": "shop.renterrange", "pk": 15, "fields": {"start_date": "2020-01-01", "end_date": null, "renter": 12, "access": true}}, {"model": "shop.renterrange", "pk": 16, "fields": {"start_date": "2020-01-01", "end_date": "2024-11-01", "renter": 14, "access": false}}, {"model": "shop.renterrange", "pk": 17, "fields": {"start_date": "2020-01-01", "end_date": null, "renter": 15, "access": true}}, {"model": "shop.renterrange", "pk": 18, "fields": {"start_date": "2024-07-01", "end_date": "2024-07-01", "renter": 16, "access": true}}, {"model": "shop.renterrange", "pk": 19, "fields": {"start_date": "2024-12-01", "end_date": null, "renter": 14, "access": true}}, {"model": "shop.renterrange", "pk": 20, "fields": {"start_date": "2024-07-01", "end_date": "2024-07-01", "renter": 13, "access": true}}, {"model": "shop.renterrange", "pk": 21, "fields": {"start_date": "2024-11-01", "end_date": "2024-11-01", "renter": 16, "access": false}}, {"model": "shop.renterrange", "pk": 22, "fields": {"start_date": "2020-01-01", "end_date": null, "renter": 8, "access": true}}, {"model": "shop.bike", "pk": 1, "fields": {"owner": 1, "description": "Derbi"}}, {"model": "shop.bike", "pk": 2, "fields": {"owner": 1, "description": "Negrini"}}, {"model": "shop.bike", "pk": 3, "fields": {"owner": 1, "description": "Animal"}}, {"model": "shop.bike", "pk": 4, "fields": {"owner": 1, "description": "Sparky"}}, {"model": "shop.bike", "pk": 5, "fields": {"owner": 1, "description": "Red Hobbit"}}, {"model": "shop.bike", "pk": 6, "fields": {"owner": 1, "description": "Dragster 180"}}, {"model": "shop.bike", "pk": 7, "fields": {"owner": 14, "description": "Silver Maxi"}}, {"model": "shop.bike", "pk": 8, "fields": {"owner": 16, "description": "A Moped"}}, {"model": "shop.bike", "pk": 9, "fields": {"owner": 11, "description": "Hobbit"}}, {"model": "shop.bike", "pk": 10, "fields": {"owner": 15, "description": "Maxi"}}, {"model": "shop.bike", "pk": 11, "fields": {"owner": 7, "description": "Moped"}}, {"model": "shop.storagerange", "pk": 3, "fields": {"start_date": "2020-01-01", "end_date": null, "bike": 1}}, {"model": "shop.storagerange", "pk": 4, "fields": {"start_date": "2020-01-01", "end_date": null, "bike": 2}}, {"model": "shop.storagerange", "pk": 5, "fields": {"start_date": "2020-01-01", "end_date": null, "bike": 3}}, {"model": "shop.storagerange", "pk": 6, "fields": {"start_date": "2020-01-01", "end_date": null, "bike": 4}}, {"model": "shop.storagerange", "pk": 7, "fields": {"start_date": "2020-01-01", "end_date": null, "bike": 5}}, {"model": "shop.storagerange", "pk": 9, "fields": {"start_date": "2023-01-01", "end_date": null, "bike": 6}}, {"model": "shop.storagerange", "pk": 10, "fields": {"start_date": "2020-01-01", "end_date": null, "bike": 7}}, {"model": "shop.storagerange", "pk": 11, "fields": {"start_date": "2024-11-01", "end_date": "2024-11-01", "bike": 8}}, {"model": "shop.storagerange", "pk": 12, "fields": {"start_date": "2024-08-01", "end_date": null, "bike": 9}}, {"model": "shop.storagerange", "pk": 13, "fields": {"start_date": "2024-01-01", "end_date": null, "bike": 10}}, {"model": "shop.storagerange", "pk": 14, "fields": {"start_date": "2024-01-01", "end_date": null, "bike": 11}}, {"model": "shop.rentpaid", "pk": 1, "fields": {"date_paid": "2024-12-23", "renter": 1, "amount_paid": 40}}, {"model": "shop.rentpaid", "pk": 3, "fields": {"date_paid": "2024-07-01", "renter": 16, "amount_paid": 65}}, {"model": "shop.rentpaid", "pk": 4, "fields": {"date_paid": "2024-07-01", "renter": 5, "amount_paid": 114}}, {"model": "shop.rentpaid", "pk": 5, "fields": {"date_paid": "2024-07-01", "renter": 6, "amount_paid": 40}}, {"model": "shop.rentpaid", "pk": 6, "fields": {"date_paid": "2024-07-01", "renter": 7, "amount_paid": 25}}, {"model": "shop.rentpaid", "pk": 7, "fields": {"date_paid": "2024-07-01", "renter": 9, "amount_paid": 165}}, {"model": "shop.rentpaid", "pk": 8, "fields": {"date_paid": "2024-07-01", "renter": 10, "amount_paid": 115}}, {"model": "shop.rentpaid", "pk": 9, "fields": {"date_paid": "2024-07-01", "renter": 12, "amount_paid": 100}}, {"model": "shop.rentpaid", "pk": 10, "fields": {"date_paid": "2024-07-01", "renter": 13, "amount_paid": 40}}, {"model": "shop.rentpaid", "pk": 11, "fields": {"date_paid": "2024-07-01", "renter": 14, "amount_paid": 25}}, {"model": "shop.rentpaid", "pk": 12, "fields": {"date_paid": "2024-07-01", "renter": 15, "amount_paid": 65}}, {"model": "shop.rentpaid", "pk": 13, "fields": {"date_paid": "2024-08-01", "renter": 4, "amount_paid": 65}}, {"model": "shop.rentpaid", "pk": 14, "fields": {"date_paid": "2024-08-01", "renter": 5, "amount_paid": 140}}, {"model": "shop.rentpaid", "pk": 15, "fields": {"date_paid": "2024-08-01", "renter": 7, "amount_paid": 25}}, {"model": "shop.rentpaid", "pk": 16, "fields": {"date_paid": "2024-08-01", "renter": 9, "amount_paid": 165}}, {"model": "shop.rentpaid", "pk": 17, "fields": {"date_paid": "2024-08-01", "renter": 14, "amount_paid": 25}}, {"model": "shop.rentpaid", "pk": 18, "fields": {"date_paid": "2024-08-01", "renter": 15, "amount_paid": 65}}, {"model": "shop.rentpaid", "pk": 19, "fields": {"date_paid": "2024-09-01", "renter": 3, "amount_paid": 200}}, {"model": "shop.rentpaid", "pk": 21, "fields": {"date_paid": "2024-07-01", "renter": 13, "amount_paid": 40}}, {"model": "shop.rentpaid", "pk": 22, "fields": {"date_paid": "2024-09-01", "renter": 5, "amount_paid": 140}}, {"model": "shop.rentpaid", "pk": 23, "fields": {"date_paid": "2024-09-01", "renter": 7, "amount_paid": 25}}, {"model": "shop.rentpaid", "pk": 24, "fields": {"date_paid": "2024-09-01", "renter": 9, "amount_paid": 165}}, {"model": "shop.rentpaid", "pk": 25, "fields": {"date_paid": "2024-09-01", "renter": 10, "amount_paid": 165}}, {"model": "shop.rentpaid", "pk": 26, "fields": {"date_paid": "2024-09-01", "renter": 14, "amount_paid": 25}}, {"model": "shop.rentpaid", "pk": 27, "fields": {"date_paid": "2024-09-01", "renter": 15, "amount_paid": 65}}, {"model": "shop.rentpaid", "pk": 28, "fields": {"date_paid": "2024-10-01", "renter": 4, "amount_paid": 65}}, {"model": "shop.rentpaid", "pk": 29, "fields": {"date_paid": "2024-10-01", "renter": 5, "amount_paid": 140}}, {"model": "shop.rentpaid", "pk": 30, "fields": {"date_paid": "2024-10-01", "renter": 6, "amount_paid": 40}}, {"model": "shop.rentpaid", "pk": 31, "fields": {"date_paid": "2024-10-01", "renter": 7, "amount_paid": 25}}, {"model": "shop.rentpaid", "pk": 32, "fields": {"date_paid": "2024-10-01", "renter": 9, "amount_paid": 100}}, {"model": "shop.rentpaid", "pk": 33, "fields": {"date_paid": "2024-10-01", "renter": 10, "amount_paid": 165}}, {"model": "shop.rentpaid", "pk": 34, "fields": {"date_paid": "2024-10-01", "renter": 11, "amount_paid": 40}}, {"model": "shop.rentpaid", "pk": 35, "fields": {"date_paid": "2024-10-01", "renter": 14, "amount_paid": 25}}, {"model": "shop.rentpaid", "pk": 36, "fields": {"date_paid": "2024-10-01", "renter": 15, "amount_paid": 65}}, {"model": "shop.rentpaid", "pk": 37, "fields": {"date_paid": "2024-11-01", "renter": 16, "amount_paid": 25}}, {"model": "shop.rentpaid", "pk": 38, "fields": {"date_paid": "2024-11-01", "renter": 4, "amount_paid": 65}}, {"model": "shop.rentpaid", "pk": 39, "fields": {"date_paid": "2024-11-01", "renter": 5, "amount_paid": 140}}, {"model": "shop.rentpaid", "pk": 40, "fields": {"date_paid": "2024-11-01", "renter": 6, "amount_paid": 40}}, {"model": "shop.rentpaid", "pk": 41, "fields": {"date_paid": "2024-11-01", "renter": 7, "amount_paid": 25}}, {"model": "shop.rentpaid", "pk": 42, "fields": {"date_paid": "2024-11-01", "renter": 8, "amount_paid": 135}}, {"model": "shop.rentpaid", "pk": 43, "fields": {"date_paid": "2024-11-01", "renter": 9, "amount_paid": 155}}, {"model": "shop.rentpaid", "pk": 44, "fields": {"date_paid": "2024-11-01", "renter": 10, "amount_paid": 105}}, {"model": "shop.rentpaid", "pk": 45, "fields": {"date_paid": "2024-11-01", "renter": 11, "amount_paid": 40}}, {"model": "shop.rentpaid", "pk": 46, "fields": {"date_paid": "2024-11-01", "renter": 14, "amount_paid": 25}}, {"model": "shop.rentpaid", "pk": 47, "fields": {"date_paid": "2024-11-01", "renter": 15, "amount_paid": 65}}, {"model": "shop.rentpaid", "pk": 48, "fields": {"date_paid": "2024-11-01", "renter": 5, "amount_paid": 140}}, {"model": "shop.rentpaid", "pk": 49, "fields": {"date_paid": "2024-11-01", "renter": 7, "amount_paid": 25}}, {"model": "shop.rentpaid", "pk": 50, "fields": {"date_paid": "2024-11-01", "renter": 8, "amount_paid": 115}}, {"model": "shop.rentpaid", "pk": 51, "fields": {"date_paid": "2024-11-01", "renter": 9, "amount_paid": 165}}, {"model": "shop.rentpaid", "pk": 52, "fields": {"date_paid": "2024-11-01", "renter": 10, "amount_paid": 115}}, {"model": "shop.rentpaid", "pk": 53, "fields": {"date_paid": "2024-11-01", "renter": 14, "amount_paid": 65}}, {"model": "shop.rentpaid", "pk": 54, "fields": {"date_paid": "2024-11-01", "renter": 15, "amount_paid": 65}}, {"model": "shop.rentpaid", "pk": 55, "fields": {"date_paid": "2024-12-01", "renter": 5, "amount_paid": 140}}, {"model": "shop.rentpaid", "pk": 56, "fields": {"date_paid": "2024-12-01", "renter": 7, "amount_paid": 25}}, {"model": "shop.rentpaid", "pk": 57, "fields": {"date_paid": "2024-12-01", "renter": 8, "amount_paid": 115}}, {"model": "shop.rentpaid", "pk": 58, "fields": {"date_paid": "2024-12-01", "renter": 9, "amount_paid": 165}}, {"model": "shop.rentpaid", "pk": 59, "fields": {"date_paid": "2024-12-01", "renter": 10, "amount_paid": 115}}, {"model": "shop.rentpaid", "pk": 60, "fields": {"date_paid": "2024-12-01", "renter": 14, "amount_paid": 65}}, {"model": "shop.rentpaid", "pk": 61, "fields": {"date_paid": "2024-12-01", "renter": 15, "amount_paid": 65}}, {"model": "shop.rentpaid", "pk": 62, "fields": {"date_paid": "2024-12-25", "renter": 10, "amount_paid": 115}}]